﻿序號,行政區,屬性,機構名稱,機構類型,地址,Lng(TWD97),Lat(TWD97),x,y
1,北投區,公設民營,臺北市永明發展中心(兼辦早療服務),日間服務,臺北市北投區石牌路2段115號4-6F,302195.321,2778977.583,121.5175846,25.11827035
2,中正區,公設民營,臺北市弘愛服務中心,住宿服務,臺北市中正區濟南路2段46號4樓,303572.205,2770352.14,121.5309018,25.04035245
3,中正區,公設民營,臺北市城中發展中心(兼辦早療服務),日間服務,臺北市中正區汀州路2段172號,302688.25,2768511.501,121.5220717,25.02376626
4,南港區,公設民營,臺北市東明扶愛家園,住宿服務,臺北市南港區南港路2段38巷8弄1號,310969.778,2772012.515,121.6042824,25.055062
5,中山區,公設民營,臺北市博愛發展中心,日間服務,臺北市中山區敬業三路160號,306150.467,2774702.217,121.5566289,25.07953094
6,信義區,公設民營,臺北市恆愛發展中心,日間服務,臺北市信義區松隆路36號6樓,307268.31,2770703.992,121.5675435,25.04339354
7,文山區,公設民營,臺北市萬芳啟能中心,日間服務,臺北市文山區萬美街1段51號1樓,307382.347,2766152.594,121.5684843,25.00229962
8,文山區,公設民營,臺北市萬芳發展中心(兼辦早療服務),日間服務,臺北市文山區萬美街1段55號2樓,307345.293,2766157.284,121.5681174,25.00234336
9,內湖區,公設民營,臺北市金龍發展中心,住宿服務,臺北市內湖區金龍路136之1號,309513.599,2775409.541,121.5899974,25.08578775
10,士林區,私立,臺北市私立聖安娜之家,住宿服務,臺北市士林區中山北路7段181巷1號,303668.047,2779672.754,121.5322153,25.12449454
11,北投區,私立,臺北市私立育成裕民發展中心,日間服務,臺北市北投區裕民一路41巷2弄18號,302291.652,2778806.122,121.5185333,25.11671909
12,中山區,私立,臺北市私立陽光重建中心,日間服務,臺北市中山區南京東路3段91號3樓,304380.742,2771662.697,121.5389659,25.05215521
13,萬華區,私立,臺北市私立育仁啟能中心,日間服務,臺北市萬華區柳州街41號4樓,300998.413,2770134.308,121.5053882,25.03847481
14,萬華區,私立,臺北市私立育仁兒童發展中心(兼辦早療服務),日間服務,臺北市萬華區萬大路387巷15號,300428.634,2768322.697,121.4996757,25.02213868
15,中山區,私立,臺北市私立心路兒童發展中心(兼辦早療服務),日間服務,臺北市中山區復興北路232號,304878.577,2772226.808,121.5439222,25.05722997
16,信義區,私立,臺北市私立第一兒童發展中心(兼辦早療服務),日間服務,臺北市信義區信義路5段150巷316號,307483.804,2768879.037,121.569603,25.02690987
17,士林區,私立,臺北市私立自立社區學園,日間服務,臺北市士林區德行西路93巷7號B1-1,302533.862,2777494.899,121.5208848,25.10487311
18,內湖區,私立,臺北市私立婦幼家園(兼辦早療服務),日間服務,臺北市內湖區民權東路六段180巷42弄6號,309757.995,2773367.651,121.5923315,25.06734431
19,北投區,私立,臺北市私立至德聽語中心(提供早療服務),日間服務,臺北市北投區振興街45號(健康大樓3樓),302681.293,2778898.838,121.5224005,25.11754255
20,信義區,私立,臺北市私立永愛發展中心,住宿服務,臺北市信義區信義路5段150巷316號3-6樓,307483.804,2768879.037,121.569603,25.02690987
21,松山區,公設民營,臺北市慈祐發展中心,日間服務,臺北市松山區八德路4段688號3-4樓,308207.686,2771424.162,121.576883,25.04985929
22,大同區,公設民營,臺北市大同發展中心(兼辦早療服務),日間服務,臺北市大同區昌吉街52號6-7樓,302092.076,2773166.875,121.5163406,25.06581542
23,中正區,公設民營,臺北市南海發展中心,日間服務,臺北市中正區延平南路207號1樓,301230.478,2769516.078,121.5076649,25.0328856
24,士林區,暫無,士林失能身障日照中心,身障社區長照機構(日間照顧),臺北市士林區後港街189號一樓,302549.449,2775631.191,121.5209681,25.08804722
25,中山區,暫無,臺北市中山身障社區式長照機構（日間照顧）,身障社區長照機構(日間照顧),臺北市中山區長安西路5弄2號四樓,302601.337,2771395.571,121.5213206,25.04980656
26,松山區,暫無,臺北市民生身障社區式長照機構（日間照顧）,身障社區長照機構(日間照顧),臺北市松山區民生東路五段163之1號七樓,306793.184,2772462.583,121.5629076,25.05928781
27,信義區,暫無,臺北市信義身障社區式長照機構（日間照顧）,身障社區長照機構(日間照顧),臺北市信義區信義路五段15號五樓,307207.876,2769568.711,121.5668975,25.03314664
28,中和區,公設民營,崇愛發展中心,住宿機構,新北市中和區正行里7鄰圓通路143-1號,300361.9688,2765326.25,121.498909,24.99508858
29,中和區,公設民營,崇愛發展中心,住宿機構,新北市中和區正行里7鄰圓通路143-1號,300361.9688,2765326.25,121.498909,24.99508858
30,士林區,公設民營,臺北市三玉啟能中心,住宿機構,臺北市士林區忠誠路二段53巷7號3、4、7樓,303689.9063,2778225,121.5323792,25.11142349
31,士林區,公設民營,臺北市永福之家,住宿機構,臺北市士林區永福里5鄰莊頂路2號,305415.1875,2778159,121.5494766,25.11076546
32,士林區,公立,臺北市立陽明教養院(華岡院區),住宿機構,臺北市士林區陽明里8鄰凱旋路61巷4弄9號,304569.5938,2780859,121.5412064,25.13517189
33,士林區,私立,臺北市私立聖安娜之家,住宿機構,臺北市士林區中山北路七段181巷1號,303668,2779673,121.5322113,25.12449646
34,大同區,公設民營,臺北市大龍養護中心,住宿機構,臺北市大同區民族西路105號1-3樓,302167.9063,2773499,121.5171051,25.06881142
35,中正區,公設民營,臺北市弘愛服務中心,住宿機構,臺北市中正區濟南路二段46號四樓,303572.1875,2770352,121.5308991,25.04035187
36,中正區,私立,臺北市私立創世清寒植物人安養院,住宿機構,臺北市中正區北平東路28號2樓,303012.5,2770960,121.5253754,25.04586029
37,內湖區,公設民營,臺北市金龍發展中心,住宿機構,臺北市內湖區金龍路136-1號,309513.5938,2775410,121.5899963,25.08579254
38,文山區,公設民營,臺北市興隆照顧中心,住宿機構,臺北市文山區興隆路四段105巷45號2樓,306786.1875,2764584.75,121.5625153,24.98816681
39,文山區,公設民營,臺北市興隆照顧中心,住宿機構,臺北市文山區興隆路四段105巷45號2樓,306786.1875,2764584.75,121.5625153,24.98816681
40,文山區,私立,臺北市私立心路社區家園,團體家庭,臺北市文山區興旺里22鄰福興路63巷4弄29號一樓,305414.8125,2766408,121.5490036,25.00467873
41,文山區,私立,臺北市私立文山創世清寒植物人安養院,住宿機構,臺北市文山區萬和街8號五樓,307305.9063,2766120,121.5677261,25.00200844
42,北投區,私立,臺北市私立彩虹村家園,住宿機構,臺北市北投區泉源路華南巷18號一樓,301121.5938,2781411,121.5070267,25.14027596
43,北投區,私立,臺北市私立陽明養護中心,住宿機構,臺北市北投區公?路209巷18號,301303.0313,2779998.5,121.5087738,25.1275177
44,北投區,私立,臺北市私立陽明養護中心,住宿機構,臺北市北投區公?路209巷18號,301303.0313,2779998.5,121.5087738,25.1275177
45,信義區,私立,臺北市私立永愛發展中心,住宿機構,臺北市信義區信義路五段150巷316號五樓,307483.8125,2768879,121.569603,25.02690887
46,南港區,公設民營,臺北市南港養護中心,住宿機構,臺北市南港區松河街550號一樓,310390.8125,2772337,121.5985565,25.05801392
47,南港區,公設民營,臺北市東明扶愛家園,住宿機構,臺北市南港區南港路二段38巷8弄1號,310969.7813,2772012.5,121.6042862,25.05506134
48,南港區,公設民營,臺北市東明扶愛家園,住宿機構,臺北市南港區南港路二段38巷8弄1號,310969.7813,2772012.5,121.6042786,25.05506134
49,文山區,公設民營,臺北市一壽照顧中心,住宿機構,臺北市文山區樟新里5鄰一壽街22號三、四樓,306159.9063,2763646,121.5562744,24.97971535
50,萬華區,公設民營,臺北市萬大社區居住家園,B0102,臺北市萬華區萬大路411、413號,300526.1875,2769426,121.500679,25.03209686
51,中正區,公設民營,臺北市健軍團體家庭,團體家庭,臺北市中正區富水里4鄰汀州路三段60巷2弄6號,303564.4063,2767599,121.5307159,25.01549721
52,文山區,公設民營,臺北市興隆團體家庭,團體家庭,臺北市文山區木柵路二段138巷33號3樓,306765.4063,2764570,121.5623093,24.9880352
53,文山區,公設民營,臺北市興隆團體家庭,團體家庭,臺北市文山區木柵路二段138巷33號3樓,306765.4063,2764570,121.5623093,24.9880352
54,信義區,公設民營,臺北市三興團體家庭,團體家庭,臺北市信義區景勤里5鄰吳興街156巷6號3樓,306527.4063,2769037,121.5601349,25.02837181
55,士林區,私立,臺北市私立自立社區學園,日間服務機構,臺北市士林區德行西路93巷7號地下一樓之1,302533.9063,2777495,121.5208817,25.10487366
56,大同區,公設民營,臺北市大同發展中心(兼辦早療服務),日間服務機構,臺北市大同區昌吉街52號六-七樓,302092.0938,2773167,121.5163422,25.06581688
57,中山區,公設民營,臺北市博愛發展中心,日間服務機構,臺北市中山區敬業三路160號,306150.5,2774702,121.556633,25.07952881
58,中山區,私立,臺北市私立陽光重建中心,日間服務機構,臺北市中山區南京東路三段91號三樓,304380.8125,2771663,121.5389633,25.05215836
59,中山區,私立,臺北市私立心路兒童發展中心(兼辦早療服務),日間服務機構,臺北市中山區復興北路232號,304878.5938,2772227,121.5439224,25.0572319
60,中正區,公設民營,臺北市城中發展中心,日間服務機構,臺北市中正區汀州路二段172號,302688.3125,2768512,121.5220718,25.02377129
61,中正區,公設民營,臺北市南海發展中心,日間服務機構,臺北市中正區延平南路207號1-2樓,301230.4688,2769516,121.5076675,25.0328846
62,中正區,公設民營,臺北市南海發展中心,日間服務機構,臺北市中正區延平南路207號1-2樓,301230.4688,2769516,121.5076675,25.03288651
63,內湖區,私立,臺北市私立婦幼家園(兼辦早療服務),日間服務機構,臺北市內湖區民權東路六段180巷42弄6號,309721.8125,2773313,121.5919724,25.06685257
64,文山區,公設民營,臺北市萬芳啟能中心,日間服務機構,臺北市文山區萬美街一段51號1樓,307382.3125,2766153,121.5684815,25.00230408
65,文山區,公設民營,臺北市萬芳發展中心(兼辦早療服務),日間服務機構,臺北市文山區萬美街一段55號二樓,307345.3125,2766157,121.5681152,25.00234032
66,北投區,公設民營,臺北市永明發展中心(兼辦早療服務),日間服務機構,臺北市北投區永明里4鄰石牌路二段115號四至六樓,302195.3125,2778978,121.5175858,25.11827469
67,中正區,私立,臺北市私立至德聽語中心(提供早療服務),日間服務機構,臺北市中正區0鄰中華路一段77號三樓,301239.8125,2770187,121.507782,25.03894234
68,北投區,私立,臺北市私立育成裕民發展中心,日間服務機構,臺北市北投區裕民一路41巷2弄18號,302291.6875,2778806,121.5185318,25.11671829
69,松山區,公設民營,臺北市慈祐發展中心,日間服務機構,臺北市松山區八德路四段688號3-4樓,308207.6875,2771424,121.5768814,25.04985809
70,信義區,公設民營,臺北市恆愛發展中心,日間服務機構,臺北市信義區松隆路36號六樓,307279.5,2770676,121.5676498,25.04314041
71,信義區,私立,臺北市私立第一兒童發展中心(兼辦早療服務),日間服務機構,臺北市信義區信義路五段150巷316號一樓,307483.8125,2768879,121.569603,25.02690887
72,萬華區,私立,臺北市私立育仁兒童發展中心(兼辦早療服務),日間服務機構,臺北市萬華區萬大路387巷15號,300428.5938,2768323,121.4996719,25.0221405
73,萬華區,私立,臺北市私立育仁啟能中心,日間服務機構,臺北市萬華區柳州街41號四樓,300998.4063,2770134,121.5053864,25.03847122
74,士林區,私立,育成蘭興站,社區日間作業設施,臺北市士林區磺溪街88巷5號一樓,302818.1875,2777899,121.5237198,25.10851097
75,大同區,公設民營,心願工坊,社區日間作業設施,臺北市大同區昌吉街52號八樓,302092.0938,2773167,121.5163422,25.06581688
76,大安區,公設民營,大安工坊,社區日間作業設施,臺北市大安區瑞安街73號三樓,304607.5938,2769024,121.5411072,25.02832413
77,大安區,其他,天生我才大安站,社區日間作業設施,臺北市大安區敦化南路二段200巷16號五樓,305264.5938,2768413,121.5475922,25.02278519
78,中山區,其他,中山工坊,社區日間作業設施,臺北市中山區建國北路二段260、262號3樓,304249.8125,2772637,121.5377045,25.06095505
79,中正區,公設民營,古亭工坊,社區日間作業設施,臺北市中正區羅斯福路二段150號,302801.9063,2768722,121.5232086,25.02566338
80,中正區,其他,夢想工坊,社區日間作業設施,臺北市中正區南昌路二段192號五樓之3,302866.5,2768564,121.5238419,25.02423477
81,中正區,私立,星兒工坊,社區日間作業設施,臺北市中正區寧波西街62號三樓,302186.5,2769243,121.517128,25.03038788
82,中正區,私立,肯納和平坊,社區日間作業設施,臺北市中正區和平西路二段6號四樓,301003.0938,2769544,121.5054092,25.0331459
83,內湖區,公設民營,內湖工坊,社區日間作業設施,臺北市內湖區江南街71巷60號,308426.4063,2774133,121.5791626,25.07430649
84,文山區,公設民營,文山工坊,社區日間作業設施,臺北市文山區興隆路四段105巷47號1樓(興隆公宅2區),306847.8125,2764597.5,121.5631256,24.98828125
85,文山區,公設民營,文山工坊,社區日間作業設施,臺北市文山區興隆路四段105巷47號1樓(興隆公宅2區),306847.8125,2764597.5,121.5631256,24.98828125
86,北投區,其他,北投工坊,社區日間作業設施,臺北市北投區石牌路二段99巷9號四樓,302099.9063,2778939,121.5166397,25.11792564
87,北投區,私立,肯納行義坊,社區日間作業設施,臺北市北投區行義路129號,303269.3125,2780148,121.5282822,25.12879944
88,北投區,私立,聖文生樂活工坊,社區日間作業設施,臺北市北投區石牌路二段90巷20號2樓,302179.3125,2778835,121.5174179,25.11698341
89,松山區,公設民營,民生工坊,社區日間作業設施,臺北市松山區敦化北路199巷5號三樓,305646.3125,2772204,121.5515289,25.05699539
90,松山區,公設民營,健康工坊_A處,社區日間作業設施,臺北市松山區健康路399號6樓,307395.9063,2771946,121.5688629,25.05460167
91,松山區,私立,星扶工坊,社區日間作業設施,臺北市松山區八德路四段306號四樓,307247.9063,2771325,121.5673676,25.04899979
92,信義區,私立,心朋友工作坊,社區日間作業設施,臺北市信義區和平東路三段391巷20弄16號,306333.4063,2768194,121.5581741,25.02076912
93,中山區,公設民營,臺北市政府社會局委託財團法人喜憨兒社會福利基金會經營管理中山身障社區長照機構（日間照顧）,身障社區長照機構（日間照顧）,臺北市中山區長安西路5弄2號四樓,302545.75,2771472.75,121.5207748,25.05050468
94,中山區,公設民營,臺北市政府社會局委託財團法人喜憨兒社會福利基金會經營管理中山身障社區長照機構（日間照顧）,身障社區長照機構（日間照顧）,臺北市中山區長安西路5弄2號四樓,302601.3438,2771395.5,121.5213242,25.04980659
95,松山區,公設民營,臺北市政府社會局委託財團法人伊甸社會福利基金會經營管理臺北市民生身障社區長照機構（日間照顧）,身障社區長照機構（日間照顧）,臺北市松山區民生東路五段163之1號七樓,306761,2772437,121.5625839,25.05905724
96,信義區,公設民營,臺北市政府社會局委託財團法人中華民國唐氏症基金會經營管理信義身障社區長照機構（日間照顧）,身障社區長照機構（日間照顧）,臺北市信義區信義路五段15號五樓,307207.9063,2769569,121.5668945,25.03314972
97,文山區,公設民營,興隆會所,精神障礙者會所,臺北市文山區木柵路二段138巷33號1樓,306765.4063,2764570,121.5623093,24.9880352
98,文山區,公設民營,興隆會所,精神障礙者會所,臺北市文山區木柵路二段138巷33號1樓,306765.4063,2764570,121.5623093,24.9880352
99,松山區,其他,真福之家_方案委託,精神障礙者會所,臺北市松山區敦化北路145巷10之2號1樓,305521.1875,2771860,121.5502777,25.05389595
100,萬華區,公設民營,向陽會所,精神障礙者會所,臺北市萬華區青年路152巷20號、22號1樓,300648.5,2768192,121.5018463,25.02095222
101,北投區,公設民營,臺北市士林、北投區身心障礙者資源中心,身心障礙者資源中心,臺北市北投區奇岩里0鄰三合街一段119號7樓,300814.8125,2779889.75,121.5039291,25.12655258
102,北投區,公設民營,臺北市士林、北投區身心障礙者資源中心,身心障礙者資源中心,臺北市北投區奇岩里0鄰三合街一段119號7樓,300814.8125,2779889.75,121.5039291,25.12655258
103,中山區,公設民營,臺北市大同、中山區身心障礙者資源中心,身心障礙者資源中心,臺北市中山區長安西路5巷2號,302545.8125,2771473,121.5207748,25.05050659
104,中正區,公設民營,臺北市中正、萬華區身心障礙者資源中心,身心障礙者資源中心,臺北市中正區南門里延平南路207號3樓,301230.4688,2769516,121.5076675,25.0328846
105,中正區,公設民營,臺北市中正、萬華區身心障礙者資源中心,身心障礙者資源中心,臺北市中正區南門里延平南路207號3樓,301230.4688,2769516,121.5076675,25.03288651
106,文山區,其他,大安、文山區身心障礙者資源中心,身心障礙者資源中心,臺北市文山區辛亥路五段94號一樓,305831.6875,2765716,121.5531082,24.9984169
107,內湖區,公設民營,臺北市內湖、松山區身心障礙者資源中心,身心障礙者資源中心,臺北市內湖區瑞光路162號2樓之3,308436.2813,2774036.5,121.5792618,25.07343483
108,內湖區,公設民營,臺北市內湖、松山區身心障礙者資源中心,身心障礙者資源中心,臺北市內湖區瑞光路162號2樓之3,308436.2813,2774036.5,121.5792618,25.07343483
109,信義區,其他,臺北市信義、南港區身心障礙者資源中心,身心障礙者資源中心,臺北市信義區廣居里3鄰忠孝東路五段242號7樓,307752.5,2770419,121.5723267,25.040802
110,文山區,私立,臺北市私立活泉之家,福利服務中心,臺北市文山區萬美街一段55號三樓,307345.3125,2766157,121.5681152,25.00234032
111,大同區,公設民營,臺北市身心障礙者自立生活支持服務中心,福利服務中心,臺北市大同區重慶北路三段347號3樓之2,301859.5938,2774159.5,121.5140762,25.07478523
112,大同區,公設民營,臺北市身心障礙者自立生活支持服務中心,福利服務中心,臺北市大同區重慶北路三段347號3樓之2,301859.5938,2774159.5,121.5140762,25.07478523
113,松山區,私立,臺北市私立八德服務中心,福利服務中心,臺北市松山區八德路三段155巷4弄35號,306060.8125,2771312,121.555603,25.04892731
114,中山區,公設民營,臺北市合宜輔具中心(財團法人第一社會福利基金會承辦),輔具服務中心,臺北市中山區玉門街1號,302518.8125,2773859,121.5205994,25.07204819
115,中山區,公設民營,臺北市西區輔具中心 (財團法人伊甸社會福利基金會承辦),輔具服務中心,臺北市中山區長安西路2號5巷2號2樓,302545.75,2771472.75,121.5207748,25.05050468
116,中山區,公設民營,臺北市西區輔具中心 (財團法人伊甸社會福利基金會承辦),輔具服務中心,臺北市中山區長安西路2號5巷2號2樓,302502.8125,2771397.5,121.5203476,25.04982758
117,信義區,其他,臺北市南區輔具中心 (財團法人第一社會福利基金會承辦),輔具服務中心,臺北市信義區信義路五段150巷310號,307473.4063,2768894,121.5695038,25.0270462
118,士林區,私立,財團法人中華民國自閉症基金會,身心障礙者社區日間活動據點,臺北市士林區中山北路五段841號4樓之2,302981.0938,2777198,121.5253067,25.10217667
119,中山區,私立,中華視障人福利協會,身心障礙者社區日間活動據點,臺北市中山區撫順街6號6樓,302437.0938,2772899,121.5197525,25.06338501
120,文山區,私立,財團法人心路社會福利基金會,身心障礙者社區日間活動據點,臺北市文山區萬和街8號1樓(臺北社區生活支持中心),307305.9063,2766120,121.5677261,25.00200844
121,北投區,私立,中華民國腦性麻痺協會,身心障礙者社區日間活動據點,臺北市北投區大業路166號5樓,300325.3125,2779748,121.4990692,25.12528992
122,松山區,私立,社團法人台北生命勵樂活輔健會,身心障礙者社區日間活動據點,臺北市松山區塔悠路臺北市觀山自行車租借站（塔悠路與民權東路交叉口，民權高架橋下，基六號疏散門進入，左轉直走往大直橋方向，約250公尺之高速公路橋下方彩色貨櫃屋）,307334.5,2772757,121.5682831,25.06192589
123,南港區,私立,財團法人伊甸社會福利基金會(附設台北市私立恩望身心障礙者人力資源服務中心),身心障礙者社區日間活動據點,臺北市南港區忠孝東路六段85號3樓,308993.4063,2771241,121.5846634,25.04817581
124,松山區,私立,社團法人臺北市視障者家長協會,身心障礙者社區日間活動據點,臺北市松山區敦化北路155巷76號4樓,305642.0938,2771908,121.5514755,25.0543232
125,士林區,公立,福志公園,共融式遊戲場,臺北市士林區福林路251巷4弄,303925.9063,2776791.5,121.5346603,25.0984745
126,士林區,公立,福志公園,共融式遊戲場,臺北市士林區福林路251巷4弄,303925.9063,2776791.5,121.5346603,25.0984726
127,士林區,公立,士林4號廣場,共融式遊戲場,臺北市士林區福林路與雨農路交叉口,303482.6875,2776359.25,121.5302506,25.09458733
128,士林區,公立,士林4號廣場,共融式遊戲場,臺北市士林區福林路與雨農路交叉口,303482.6875,2776359.25,121.5302506,25.09458733
129,士林區,公立,兒童新樂園(機械式),共融式遊戲場,臺北市士林區承德路五段55號,301859.9063,2776602,121.5141678,25.09683609
130,士林區,公立,兒童新樂園(非機械式),共融式遊戲場,臺北市士林區承德路五段55號,301859.9063,2776602,121.5141678,25.09683609
131,大同區,公立,樹德公園,共融式遊戲場,臺北市大同區大龍街129號,302068.5625,2773314.75,121.5161133,25.06715202
132,大同區,公立,樹德公園,共融式遊戲場,臺北市大同區大龍街129號,302068.5625,2773314.75,121.5161133,25.06715202
133,大同區,公立,景化公園,共融式遊戲場,臺北市大同區伊寧街9巷(景化街巷弄中),301766.3125,2773090,121.5131073,25.06513214
134,大同區,公立,朝陽公園,共融式遊戲場,臺北市大同區重慶北路二段64巷口,301756.5938,2772042,121.51297,25.05567169
135,大同區,公立,建成公園,共融式遊戲場,臺北市大同區承德路二段臺北市大同區承德路二段35號旁,302308.125,2771946.75,121.5184326,25.0547924
136,大同區,公立,建成公園,共融式遊戲場,臺北市大同區承德路二段臺北市大同區承德路二段35號旁,302308.125,2771946.75,121.5184326,25.05479431
137,大安區,公立,大安國小,共融式遊戲場,臺北市大安區臥龍街129號,305559.8125,2767977,121.550499,25.01883888
138,大安區,公立,和平實驗小學,共融式遊戲場,臺北市大安區敦南街76巷28號,305172,2768184.5,121.546669,25.02072525
139,大安區,公立,和平實驗小學,共融式遊戲場,臺北市大安區敦南街76巷28號,305172,2768184.5,121.546669,25.02072525
140,大安區,公立,建安國小,共融式遊戲場,臺北市大安區大安路二段99號,305115.8125,2769144,121.5461502,25.02939034
141,大安區,公立,古亭國小,共融式遊戲場,臺北市大安區羅斯福路三段201號,303336.9063,2768171,121.5284882,25.02066994
142,中山區,公立,明水公園,共融式遊戲場,臺北市中山區北安路538巷1弄,305307.1875,2774749,121.5482712,25.07998466
143,中山區,公立,永盛公園,共融式遊戲場,"臺北市中山區中山北路二段93巷26,40號間",302897.4063,2772437,121.524292,25.05919838
144,中山區,公立,大佳河濱公園,共融式遊戲場,臺北市中山區濱江街　,303504.3125,2773830,121.530365,25.07175255
145,中山區,公立,中安公園,共融式遊戲場,臺北市中山區中山北路二段65巷2弄內,302861.9063,2772167,121.5239334,25.0567627
146,中山區,公立,花博公園美術園區,共融式遊戲場,臺北市中山區民族東路以北中山北路以東(原民族公園),302798.9688,2773444.75,121.5233612,25.06830025
147,中山區,公立,花博公園美術園區,共融式遊戲場,臺北市中山區民族東路以北中山北路以東(原民族公園),302798.9688,2773444.75,121.5233612,25.06829834
148,中山區,公立,榮星公園,共融式遊戲場,臺北市中山區民權東路三段1號,304489.8125,2772768,121.5400925,25.06212997
149,內湖區,公立,石潭公園,共融式遊戲場,臺北市內湖區成功路二段東側,309654.4063,2772577,121.5912705,25.06021118
150,內湖區,公立,大港墘公園,共融式遊戲場,臺北市內湖區瑞光路393巷旁,307798.8125,2774617,121.5729675,25.07869911
151,內湖區,公立,碧湖公園,共融式遊戲場,臺北市內湖區內湖路二段175號，國立臺灣戲曲學院旁,309091.8438,2774896,121.5857925,25.08116722
152,內湖區,公立,碧湖公園,共融式遊戲場,臺北市內湖區內湖路二段175號，國立臺灣戲曲學院旁,309091.8438,2774896,121.5857925,25.08116913
153,內湖區,公立,潭美國小,共融式遊戲場,臺北市內湖區新明路22號,309401.5,2772456,121.5887604,25.05912781
154,文山區,公立,萬芳4號公園,共融式遊戲場,臺北市文山區萬和街1號對面,307290.8125,2766043,121.5675736,25.00131416
155,文山區,公立,興隆公園,共融式遊戲場,臺北市文山區興隆路二段154巷與仙岩路交口,305686.375,2766003.5,121.5516739,25.00101662
156,文山區,公立,興隆公園,共融式遊戲場,臺北市文山區興隆路二段154巷與仙岩路交口,305686.375,2766003.5,121.5516739,25.00101662
157,文山區,公立,景華公園,共融式遊戲場,臺北市文山區景興路與景華街交口,305001.875,2765717.25,121.5448837,24.99845695
158,文山區,公立,景華公園,共融式遊戲場,臺北市文山區景興路與景華街交口,305001.875,2765717.25,121.5448837,24.99845695
159,文山區,公立,道南河濱公園,共融式遊戲場,臺北市文山區恆光街景美恆光橋下游右側,307211.0938,2764076,121.5667038,24.98355865
160,北投區,公立,榮華公園,共融式遊戲場,臺北市北投區明德路150巷17-1號,302597.3125,2778139,121.5215378,25.11068535
161,北投區,公立,石牌公園,共融式遊戲場,臺北市北投區石牌路一段39巷內,301419.9063,2779004,121.5098953,25.118536
162,北投區,公立,立農公園,共融式遊戲場,臺北市北投區承德路七段與吉利街口,301501.9063,2778125,121.5106735,25.11059761
163,北投區,公立,立農公園,共融式遊戲場,臺北市北投區承德路七段與吉利街口,301507.875,2778108,121.5107346,25.11044312
164,北投區,公立,磺港公園,共融式遊戲場,臺北市北投區磺港路與大興街交叉口,300613.375,2780640.75,121.5019608,25.13333893
165,北投區,公立,磺港公園,共融式遊戲場,臺北市北投區磺港路與大興街交叉口,300613.375,2780640.75,121.5019608,25.13333893
166,北投區,公立,文林國小,共融式遊戲場,臺北市北投區文林北路155號,301913.3125,2777610,121.51474,25.10593414
167,北投區,公立,榮富公園,共融式遊戲場,臺北市北投區榮華三路及磺溪旁(過天母橋),302595.3125,2778489,121.5215302,25.11384583
168,松山區,公立,三民公園,共融式遊戲場,臺北市松山區三民路、撫遠街298號,306905.6875,2771798,121.5639954,25.05328369
169,信義區,公立,眷村文化公園,共融式遊戲場,"臺北市信義區莊敬路與松勤路交口,信義國小西側",306627.4688,2769476.25,121.561142,25.03233337
170,信義區,公立,眷村文化公園,共融式遊戲場,"臺北市信義區莊敬路與松勤路交口,信義國小西側",306627.4688,2769476.25,121.561142,25.03233337
171,信義區,公立,象山公園,共融式遊戲場,臺北市信義區信義路五段150巷旁,307556.6875,2768736,121.5703201,25.02561569
172,南港區,公立,聯成公園,共融式遊戲場,臺北市南港區忠孝東路六段250巷1弄,309434.8125,2771272,121.589035,25.04843712
173,南港區,公立,玉成公園,共融式遊戲場,臺北市南港區中坡南路55號,309106.3125,2770543,121.5857544,25.04187012
174,南港區,公立,四分綠地,共融式遊戲場,臺北市南港區研究院路二段182巷58弄旁,312001.5938,2769946,121.614418,25.0363636
175,南港區,公立,中研公園,共融式遊戲場,臺北市南港區研究院路二段12巷58弄,311943,2771140,121.6138916,25.04714584
176,南港區,公立,山水綠生態公園,共融式遊戲場,臺北市南港區南深路37號,312605.7813,2769961,121.6203995,25.03647423
177,南港區,公立,山水綠生態公園,共融式遊戲場,臺北市南港區南深路37號,312605.7813,2769961,121.6203995,25.03647614
178,萬華區,公立,和平青草公園,共融式遊戲場,臺北市萬華區艋舺大道與號西園路二段交叉口,300982.625,2769689,121.5052185,25.03445435
179,萬華區,公立,和平青草公園,共融式遊戲場,臺北市萬華區艋舺大道與號西園路二段交叉口,300982.625,2769689,121.5052185,25.03445435
180,南港區,公設民營,南港工坊,社區日間作業設施,臺北市南港區八德路四段768-1號,308518,2771475,121.5799637,25.05030632
181,中山區,私立,財團法人台北市私立雙連視障關懷基金會,身心障礙者社區日間活動據點,臺北市中山區中山北路二段111號11樓,302783.3125,2772539,121.5231705,25.06012344
182,松山區,私立,財團法人喜憨兒社會福利基金會,身心障礙者社區日間活動據點,臺北市松山區民生東路五段163-1號7樓,306761,2772437,121.5625839,25.05905724
183,松山區,公設民營,健康工坊_B處,社區日間作業設施,臺北市松山區健康路399號6樓,307395.9063,2771946,121.5688629,25.05460167
184,士林區,其他,委託辦理臺北市聽語障溝通服務方案,委託方案,臺北市士林區承德路四段58巷10弄6號,302686.8125,2774963,121.5223007,25.08201027
185,松山區,其他,委託辦理臺北市視障者服務,委託方案,臺北市松山區光復北路60巷19-6號B1,306202.4063,2771396,121.5570068,25.04968071
186,士林區,公設民營,星辰會所,精神障礙者會所,臺北市士林區三玉里忠誠路二段53巷7號9樓,303689.9063,2778225,121.5323792,25.11142349
187,萬華區,公設民營,萬華視障生活重建中心暨社區工坊,社區日間作業設施,臺北市萬華區0鄰梧州街36號4樓,300201.5,2770009,121.4974899,25.03737068
188,內湖區,公設民營,委託經營管理身心障礙者社區日間作業設施-瑞光工坊,社區日間作業設施,臺北市內湖區瑞光路162號2樓之2,308436.2813,2774036.5,121.5792618,25.07343483
189,內湖區,公設民營,委託經營管理身心障礙者社區日間作業設施-瑞光工坊,社區日間作業設施,臺北市內湖區瑞光路162號2樓之2,308436.2813,2774036.5,121.5792618,25.07343483
190,大同區,公設民營,委託經營管理身心障礙者社區日間作業設施-明倫工坊,社區日間作業設施,臺北市大同區承德路三段285之5號,302399.4063,2773977,121.5194168,25.07311821
191,大同區,公設民營,臺北市政府社會局委託財團法人臺北市喜樂家族社會福利基金會經營管理大龍峒身障社區長照機構（日間照顧）,身障社區長照機構（日間照顧）,臺北市大同區老師里0鄰重慶北路三段320號3、4樓（社福大樓）,301810.8125,2774150,121.513588,25.07470131
192,中山區,私立,委託辦理臨時及短期照顧服務財團法人台北市私立雙連視障關懷基金會,委託方案,臺北市中山區聚盛里中山北路二段111號11樓,302783.3125,2772539,121.5231705,25.06012344
193,士林區,公設民營,士林工坊,社區日間作業設施,臺北市士林區忠誠路二段53巷7號9樓A,303689.9063,2778225,121.5323792,25.11142349
194,大安區,其他,委託辦理臨時及短期照顧服務-社團法人台北市智障者家長協會,委託方案,臺北市大安區建國南路一段321號2樓,304312.0938,2769747,121.538208,25.03486252
195,士林區,公設民營,士林社區居住家園(德蘭家),B0102,臺北市士林區0鄰中山北路七段146巷7、7-1號1樓,303761.6875,2779534,121.5331421,25.12323761
196,北投區,公設民營,奇岩工坊,社區日間作業設施,臺北市北投區三合街一段119號7樓,300814.8125,2779889.75,121.5039291,25.12655258
197,北投區,公設民營,奇岩工坊,社區日間作業設施,臺北市北投區三合街一段119號7樓,300814.8125,2779889.75,121.5039291,25.12655258
198,松山區,私立,松山工坊,社區日間作業設施,臺北市松山區新聚里3鄰南京東路五段356號6F-2,307481.4063,2771555,121.5696945,25.05106735
199,士林區,公設民營,士林社區居住家園(聖露薏絲家),B0102,臺北市士林區中山北路七段191巷9號1樓,303618.9063,2779770,121.5317307,25.12537384
200,大同區,公設民營,建成工坊,社區日間作業設施,臺北市大同區承德路二段33號6樓,302307,2771924,121.518425,25.05458832
201,北投區,公設民營,臺北市政府社會局委託財團法人天主教白永恩神父社會福利基金會經營管理稻香身障社區長照機構（日間照顧）,身障社區長照機構（日間照顧）,臺北市北投區稻香里0鄰稻香路81號3樓之1,299340.5938,2781474,121.4893646,25.14090347
202,北投區,公設民營,臺北市稻香發展中心,日間服務機構,臺北市北投區稻香里0鄰稻香路81號2樓,299340.5938,2781474,121.4893646,25.14090347
